{
	"version" : 1,
	"replacementkey" : "blur_precise",
	"name" : "ui_editor_effect_blur_precise_title",
	"description" : "ui_editor_effect_blur_precise_description",
	"group" : "blur",
	"preview" : "preview/project.json",
	"passes" :
	[
		{
			"material" : "materials/effects/blur_precise_gaussian_x.json",
			"target" : "_rt_FullCompoBuffer1",
			"bind" :
			[
				{
					"name" : "previous",
					"index" : 0
				}
			]
		},
		{
			"material" : "materials/effects/blur_precise_gaussian_y.json",
			"bind" :
			[
				{
					"name" : "_rt_FullCompoBuffer1",
					"index" : 0
				}
			]
		}
	],
	"fbos" :
	[
		{
			"name" : "_rt_FullCompoBuffer1",
			"scale" : 1,
			"format" : "rgba8888"
		}
	],
	"dependencies" :
	[
		"materials/effects/blur_precise_gaussian_x.json",
		"materials/effects/blur_precise_gaussian_y.json",
		"shaders/effects/blur_precise_gaussian.frag",
		"shaders/effects/blur_precise_gaussian.vert"
	]
}